category	bundle	laterality	autotrack_ids
Association	Arcuate fasciculus	Bilateral	Association_ArcuateFasciculusL,Association_ArcuateFasciculusR
Association	Cingulum frontal parahippocampal	Bilateral	Association_CingulumL_FrontalParahippocampal,Association_CingulumR_FrontalParahippocampal
Association	Cingulum frontal parietal	Bilateral	Association_CingulumL_FrontalParietal,Association_CingulumR_FrontalParietal
Association	Cingulum superior longitudinal fasciculus 1	Bilateral	Association_CingulumL_SuperiorLongitudinalFasciculus1,Association_CingulumR_SuperiorLongitudinalFasciculus1
Association	Cingulum parahippocampal–parietal	Bilateral	Association_CingulumL_ParahippocampalParietal,Association_CingulumR_ParahippocampalParietal
Association	Cingulum parahippocampal	Bilateral	Association_CingulumL_Parahippocampal,Association_CingulumR_Parahippocampal
Association	Cingulum parolfactory	Bilateral	Association_CingulumL_Parolfactory,Association_CingulumR_Parolfactory
Association	Extreme capsule	Bilateral	Association_ExtremeCapsuleL,Association_ExtremeCapsuleR
Association	Frontal aslant tract	Bilateral	Association_FrontalAslantTractL,Association_FrontalAslantTractR
Association	Hippocampus alveus	Bilateral	Association_HippocampusAlveusL,Association_HippocampusAlveusR
Association	Inferior fronto-occipital fasciculus	Bilateral	Association_InferiorFrontoOccipitalFasciculusL,Association_InferiorFrontoOccipitalFasciculusR
Association	Inferior longitudinal fasciculus	Bilateral	Association_InferiorLongitudinalFasciculusL,Association_InferiorLongitudinalFasciculusR
Association	Middle longitudinal fasciculus	Bilateral	Association_MiddleLongitudinalFasciculusL,Association_MiddleLongitudinalFasciculusR
Association	Parietal aslant tract	Bilateral	Association_ParietalAslantTractL,Association_ParietalAslantTractR
Association	Superior longitudinal fasciculus 2	Bilateral	Association_SuperiorLongitudinalFasciculusL_2,Association_SuperiorLongitudinalFasciculusR_2
Association	Superior longitudinal fasciculus 3	Bilateral	Association_SuperiorLongitudinalFasciculusL_3,Association_SuperiorLongitudinalFasciculusR_3
Association	Uncinate fasciculus	Bilateral	Association_UncinateFasciculusL,Association_UncinateFasciculusR
Association	Vertical occipital fasciculus	Bilateral	Association_VerticalOccipitalFasciculusL,Association_VerticalOccipitalFasciculusR
Projection—Basal Ganglia	Acoustic radiation	Bilateral	ProjectionBasalGanglia_AcousticRadiationL,ProjectionBasalGanglia_AcousticRadiationR
Projection—Basal Ganglia	Corticostriatal tract anterior	Bilateral	ProjectionBasalGanglia_CorticostriatalTractL_Anterior,ProjectionBasalGanglia_CorticostriatalTractR_Anterior
Projection—Basal Ganglia	Corticostriatal tract posterior	Bilateral	ProjectionBasalGanglia_CorticostriatalTractL_Posterior,ProjectionBasalGanglia_CorticostriatalTractR_Posterior
Projection—Basal Ganglia	Corticostriatal tract superior	Bilateral	ProjectionBasalGanglia_CorticostriatalTractL_Superior,ProjectionBasalGanglia_CorticostriatalTractR_Superior
Projection—Basal Ganglia	Thalamic radiation anterior	Bilateral	ProjectionBasalGanglia_ThalamicRadiationL_Anterior,ProjectionBasalGanglia_ThalamicRadiationR_Anterior
Projection—Basal Ganglia	Thalamic radiation posterior	Bilateral	ProjectionBasalGanglia_ThalamicRadiationL_Posterior,ProjectionBasalGanglia_ThalamicRadiationR_Posterior
Projection—Basal Ganglia	Thalamic radiation superior	Bilateral	ProjectionBasalGanglia_ThalamicRadiationL_Superior,ProjectionBasalGanglia_ThalamicRadiationR_Superior
Projection—Basal Ganglia	Optic radiation	Bilateral	ProjectionBasalGanglia_OpticRadiationL,ProjectionBasalGanglia_OpticRadiationR
Projection—Basal Ganglia	Fornix	Bilateral	ProjectionBasalGanglia_FornixL,ProjectionBasalGanglia_FornixR
Projection—Basal Ganglia	Ansa lenticularis	Bilateral	ProjectionBasalGanglia_AnsaLenticularisL,ProjectionBasalGanglia_AnsaLenticularisR
Projection—Basal Ganglia	Ansa subthalamica	Bilateral	ProjectionBasalGanglia_AnsaSubthalamicaL,ProjectionBasalGanglia_AnsaSubthalamicaR
Projection—Basal Ganglia	Fasciculus lenticularis	Bilateral	ProjectionBasalGanglia_FasciculusLenticularisL,ProjectionBasalGanglia_FasciculusLenticularisR
Projection—Basal Ganglia	Fasciculus subthalamicus	Bilateral	ProjectionBasalGanglia_FasciculusSubthalamicusL,ProjectionBasalGanglia_FasciculusSubthalamicusR
Projection—Brainstem	Corticospinal tract	Bilateral	ProjectionBrainstem_CorticospinalTractL,ProjectionBrainstem_CorticospinalTractR
Projection—Brainstem	Corticobulbar tract	Bilateral	ProjectionBrainstem_CorticobulbarTractL,ProjectionBrainstem_CorticobulbarTractR
Projection—Brainstem	Corticopontine tract frontal	Bilateral	ProjectionBrainstem_CorticopontineTractL_Frontal,ProjectionBrainstem_CorticopontineTractR_Frontal
Projection—Brainstem	Corticopontine tract parietal	Bilateral	ProjectionBrainstem_CorticopontineTractL_Parietal,ProjectionBrainstem_CorticopontineTractR_Parietal
Projection—Brainstem	Corticopontine tract occipital	Bilateral	ProjectionBrainstem_CorticopontineTractL_Occipital,ProjectionBrainstem_CorticopontineTractR_Occipital
Projection—Brainstem	Medial lemniscus	Bilateral	ProjectionBrainstem_MedialLemniscusL,ProjectionBrainstem_MedialLemniscusR
Projection—Brainstem	Dentato-rubro-thalamic tract	Crossed bilateral (L→R and R→L)	ProjectionBrainstem_DentatorubrothalamicTract-lr,ProjectionBrainstem_DentatorubrothalamicTract-rl
Projection—Brainstem	Non-decussating dentato-rubro-thalamic tract	Bilateral	ProjectionBrainstem_NonDecussatingDentatorubrothalamicTractL,ProjectionBrainstem_NonDecussatingDentatorubrothalamicTractR
Projection—Brainstem	Reticular tract	Bilateral	ProjectionBrainstem_ReticularTractL,ProjectionBrainstem_ReticularTractR
Projection—Brainstem	Medial forebrain bundle	Bilateral	ProjectionBrainstem_MedialForebrainBundleL,ProjectionBrainstem_MedialForebrainBundleR
Commissural	Anterior commissure frontal	Midline / unpaired	Commissure_AnteriorCommissure_Frontal
Commissural	Anterior commissure temporal	Midline / unpaired	Commissure_AnteriorCommissure_Temporal
Commissural	Anterior commissure occipital	Midline / unpaired	Commissure_AnteriorCommissure_Occipital
Commissural	Corpus callosum forceps minor	Midline / unpaired	Commissure_CorpusCallosum_ForcepsMinor
Commissural	Corpus callosum body	Midline / unpaired	Commissure_CorpusCallosum_Body
Commissural	Corpus callosum tapetum	Midline / unpaired	Commissure_CorpusCallosum_Tapetum
Commissural	Corpus callosum forceps major	Midline / unpaired	Commissure_CorpusCallosum_ForcepsMajor
Cerebellar	Cerebellum	Bilateral	Cerebellum_CerebellumL,Cerebellum_CerebellumR
Cerebellar	Inferior cerebellar peduncle	Bilateral	Cerebellum_InferiorCerebellarPeduncleL,Cerebellum_InferiorCerebellarPeduncleR
Cerebellar	Middle cerebellar peduncle	Midline / unpaired	Cerebellum_MiddleCerebellarPeduncle
Cerebellar	Superior cerebellar peduncle	Midline / unpaired	Cerebellum_SuperiorCerebellarPeduncle
Cerebellar	Vermis	Midline / unpaired	Cerebellum_Vermis
